k,condition,idx,gold,pred,correct,leak,error,completion
2,immediate,0,XX,AH,0,0,0, AH
2,immediate,1,GU,VN,0,0,0,Answer: VN
2,immediate,2,SO,DT,0,0,0,Answer: DT
2,immediate,3,YY,VS,0,0,0, VS
2,immediate,4,HN,HN,1,0,0,Answer: HN
2,filler,0,XX,AH,0,0,0, AH
2,filler,1,GU,VN,0,0,0,Answer: VN
2,filler,2,SO,IZ,0,0,0,Answer: IZ
2,filler,3,YY,QO,0,0,0,Answer: QO
2,filler,4,HN,HN,1,0,0, HN
2,cot,0,XX,XX,1,0,0,"Following the chain: CA -> BX -> XX.
Answer: XX"
2,cot,1,GU,GU,1,0,0,"Following the chain: UE -> UF -> GU.
Answer: GU"
2,cot,2,SO,SO,1,0,0,"Following the chain: IE -> IK -> SO.
Answer: SO"
2,cot,3,YY,YY,1,0,0,"Following the chain: RN -> UH -> YY.
Answer: YY"
2,cot,4,HN,HN,1,0,0,"Following the chain: ZY -> NJ -> HN.
Answer: HN"
6,immediate,0,CJ,JB,0,1,0,Answer: JB
6,immediate,1,FD,YZ,0,0,0, YZ
6,immediate,2,MA,OH,0,0,0,Answer: OH
6,immediate,3,TR,EE,0,0,0,Answer: EE
6,immediate,4,WU,SS,0,1,0,Answer: SS
6,filler,0,CJ,JB,0,1,0,Answer: JB
6,filler,1,FD,YZ,0,0,0,Answer: YZ
6,filler,2,MA,HL,0,0,0,Answer: HL
6,filler,3,TR,EE,0,0,0,Answer: EE
6,filler,4,WU,YR,0,1,0,Answer: YR
6,cot,0,CJ,CJ,1,0,0,"Let's follow the mapping step by step starting at XK:

1. XK -> KW  
2. KW -> QA  
3. QA -> TN  
4. TN -> SA  
5. SA -> JB  
6. JB -> CJ  

After 6 steps, we land on **CJ**.

Answer: CJ"
6,cot,1,FD,FD,1,0,0,"Following the chain: MZ -> IJ -> LB -> YW -> KH -> TV -> FD.
Answer: FD"
6,cot,2,MA,MA,1,0,0,"Following the chain: MW -> DQ -> EL -> IA -> JW -> IR -> MA.
Answer: MA"
6,cot,3,TR,TR,1,0,0,"Following the chain: HA -> IO -> PQ -> CO -> RA -> CF -> TR.
Answer: TR"
6,cot,4,WU,WU,1,0,0,"Following the chain: KR -> XS -> JI -> RO -> YR -> SS -> WU.
Answer: WU"
